IDCUST,NAMECUST,Short Name,CUSTYPEDESC,AUDTORG
90000042282,Rosin Medical Hall,Rosin MED,Doctor-Cum Chemist,HZJSKF
90000042314,Kholifa Pharmacy,Kholifa PHAR,Retailer-Ex. HQ,KHLSKF
90000042333,Halder Pharmacy,Halder PHAR,Retailer-Ex. HQ,RAJSKF
90000042348,Wasif Medico,Wasif MEDC,Retailer-Ex. HQ,CTNSKF
90000042193,Mehedi Hasan Medicine Corner,Mehedi Hasan MDCN CRNR,Retailer-Ex. HQ,NAJSKF
90000042258,Raza Pharmacy,Ratul PHAR,Retailer-Ex. HQ,DNJSKF
90000042262,Kazol Pharmacy,Maa PHAR,Retailer-Ex. HQ,BOGSKF
90000042335,Morium Pharmacy,Rahman PHAR,Retailer-Ex. HQ,KHLSKF
90000042337,Al Modina Pharmacy,Raza PHAR,Retailer-Ex. HQ,FENSKF
90000042371,Rozi Pharmacy,Kazol PHAR,Doctor-Cum Chemist,PBNSKF
90000042131,Ruhul Pharmacy,Morium PHAR,Retailer-Ex. HQ,DNJSKF
90000042146,Bismillah Medicine Pharmacy,Al Modina PHAR,Retailer-Ex. HQ,DNJSKF
90000042152,Bismillah Pharmacy,Rozi PHAR,Retailer-Ex. HQ,NAJSKF
90000042154,Safa Pharmacy,Ruhul PHAR,Retailer-Ex. HQ,PATSKF
90000042213,Fariha Medicine Corner,Bismillah MDCN PHAR,Retailer-Ex. HQ,VRBSKF
90000042278,Aynal Pharmacy,Bismillah PHAR,Retailer-Ex. HQ,MYMSKF
90000042346,Jim Care Pharmacy,Safa PHAR,Retailer-Ex. HQ,DNJSKF
90000042379,Zillur Pharmacy,Fariha MDCN CRNR,Retailer-Ex. HQ,DNJSKF
90000042120,Salman Medical Hall,Jonosheba PHAR,Retailer-Ex. HQ,MYMSKF
90000042186,Siam Medical Hall,Haque PHAR,Retailer-Ex. HQ,TGLSKF
90000042261,Ratul Pharmacy,Maa MED,Doctor-Cum Chemist,FRDSKF
90000042108,Maa Pharmacy,Nazat MED,Retailer-Ex. HQ,HZJSKF
90000042221,Rahman Pharmacy,Gita Plus PHAR,Retailer-Ex. HQ,SYLSKF
90000042299,Mostofa Pharmacy,Maa Moni MED,Retailer-Ex. HQ,RAJSKF
90000042153,Priyanka Pharmacy,Aynal PHAR,Retailer-Ex. HQ,NAJSKF
90000042167,AS.K.S Pharmacy,Jim Care PHAR,Retailer-HQ,MHKSKF
90000042089,Mim Pharmacy,Zillur PHAR,Retailer-Ex. HQ,VRBSKF
90000042169,Saad Pharmacy,Salman MED,Retailer-HQ,MHKSKF
90000042191,Shiyum Pharmacy,Siam MED,Wholesaler-Ex. HQ,KUSSKF
90000042275,Raj pharmacy,MDCN CRNR,Retailer-Ex. HQ,MLVSKF
90000042280,Maa Pharmacy,Anowara PHAR,Retailer-Ex. HQ,GZPSKF
90000042322,Khan Medicare,Prince PHAR,Retailer-Ex. HQ,FRDSKF
90000042203,Al Amin Pharmacy,Kohinur PHAR,Retailer-Ex. HQ,BSLSKF
90000042247,Elius Medico,Grameen MED STR,Retailer-Ex. HQ,COXSKF
90000042111,Parvez Pharmacy,Sojib PHAR,Retailer-Ex. HQ,DNJSKF
90000042116,Nur Medical Hall,Parvez PHAR,Retailer-Ex. HQ,HZJSKF
90000042158,Shama Model Pharmacy,Nur MED,Retailer-Ex. HQ,SYLSKF
90000042171,Al Munir Medical Store,Shama   PHAR,Retailer-Ex. HQ,RNGSKF
90000042176,Nur Pharmacy,Al Munir MED STR,Retailer-Ex. HQ,FRDSKF
90000042183,Fabiha Medical Hall,Nur PHAR,Retailer-Ex. HQ,COMSKF
90000042266,Alif Medical Hall,Alif MED,Retailer-Ex. HQ,GZPSKF
90000042296,Tanvir Pharmacy,Tanvir PHAR,Retailer-Ex. HQ,VRBSKF
90000042320,Gazi Rabiul Pharmacy,Gazi Rabiul PHAR,Retailer-Ex. HQ,FRDSKF
90000042321,Cure & Care Pharma,Cure & Care PHAR,Retailer-HQ,MHKSKF
90000042362,MAYAR DOYA  PHARMACY,MAYAR DOYA  PHARMACY,Retailer-Ex. HQ,RNGSKF
90000042370,Master Pharmacy,Master PHAR,Retailer-Ex. HQ,DNJSKF
90000042406,Shaira Medical Hall,Shaira MED,Doctor-Cum Chemist,HZJSKF
90000042187,Arnob Medical Hall,Fabiha MED,Retailer-HQ,KSGSKF
90000042226,Shofiq Pharmacy,Arnob MED,Retailer-Ex. HQ,RNGSKF
90000042231,Shova Pharmacy,Shofiq PHAR,Doctor-Cum Chemist,FRDSKF
90000042232,Mahen Pharmacy,Shova PHAR,Retailer-Ex. HQ,RAJSKF
90000042240,Amena Model Medicine Shop,Mahen PHAR,Retailer-Ex. HQ,TGLSKF
90000042260,Joy Pharmacy,Amena   MDCN Shop,Retailer-Ex. HQ,DNJSKF
90000042281,Helali Pharmacy,Hapsa PHAR,Retailer-Ex. HQ,GZPSKF
90000042308,Johadia Medico,Ripa MED,Retailer-Ex. HQ,COXSKF
90000042331,Allahor Dan Medical Hall,Nagorik PHAR,Retailer-Ex. HQ,SAVSKF
90000042165,Anawara Medical Hall,Khadiza MED,Retailer-Ex. HQ,HZJSKF
90000042194,Maa Baba Medicine Shop,Shakil PHAR,Retailer-Ex. HQ,FENSKF
90000042250,Hasan Medicine Corner,Mayer Dan PHAR,Retailer-Ex. HQ,HZJSKF
90000042306,Bhuiyan Pharmacy,Shikder MED,Retailer-Ex. HQ,SYLSKF
90000042342,Maa Pharmacy,Shahid PHAR,Retailer-Ex. HQ,BOGSKF
90000042087,Rayan Pharmacy,Mostofa PHAR,Retailer-HQ,COMSKF
90000042133,Younus Medicine Corner,Priyanka PHAR,Retailer-Ex. HQ,VRBSKF
90000042225,Labib Pharmcy,AS.K.S PHAR,Retailer-Ex. HQ,RNGSKF
90000042236,Maulana Medical Hall,Naz PHAR,Retailer-Ex. HQ,PATSKF
90000042144,Mr. Moniruzzaman,Muaz PHAR,Retailer-HQ,MHKSKF
90000042147,Chowdhury Pharmacy,Ranok & Ryen PHAR,Retailer-Ex. HQ,FRDSKF
90000042303,Janoni Pharmacy,Nasima Diagonistic & Consulatation CNTR,Retailer-Ex. HQ,SYLSKF
90000042354,Nisi Pharmacy,Jhorna PHAR,Retailer-Ex. HQ,DNJSKF
90000042384,Dharus Shifa Pvt Hospital,DOCs MED,Retailer-Ex. HQ,MYMSKF
90000042179,Talha Pharmacy,Nusrat PHAR,Retailer-Ex. HQ,GZPSKF
90000042230,Komolika Pharmacy,Saba Mebicine CRNR,Retailer-Ex. HQ,DNJSKF
90000042245,S K Drug House,Ma Baba PHAR,Retailer-Ex. HQ,VRBSKF
90000042164,Nazifa Medicine Corner,Owshode Polly,Retailer-Ex. HQ,GZPSKF
90000042178,Sufia Pharmacy,Snigdha PHAR,Wholesaler-Ex. HQ,KUSSKF
90000042339,Jamuna Pharmacy,New Master PHAR,Retailer-Ex. HQ,VRBSKF
90000042347,Sha Amanat Pharmacy,Delux PHAR,Retailer-Ex. HQ,CTNSKF
90000042374,Med Care Pharma,Nitol PHAR,Retailer-HQ,MHKSKF
90000042385,Seba Pharmacy,Maa PHAR,Retailer-Ex. HQ,DNJSKF
90000042238,Mizan Pharmacy,Sumona PHAR,Retailer-Ex. HQ,RAJSKF
90000042268,Medicin Corner,Rehena PHAR,Retailer-Ex. HQ,DNJSKF
90000042277,Anowara Pharmacy,Sporsho MED,Retailer-Ex. HQ,KHLSKF
90000042358,Prince Pharmacy,Smiley Life PHAR,Retailer-Ex. HQ,DNJSKF
90000042391,Kohinur Pharma,Rehana Akter,Retailer-HQ,NOKSKF
90000042143,Grameen Medical Store,Sumon MDCN CRNR,Retailer-Ex. HQ,DNJSKF
90000042210,Sojib Pharmacy,Jononi MED,Retailer-Ex. HQ,VRBSKF
90000042289,Nasif Nuha Pharmacy,S.B.H PHAR,Retailer-HQ,MHKSKF
90000042297,Three Brothers Pharmacy,Arif PHAR,Retailer-Ex. HQ,RAJSKF
90000042312,Raton Pharmacy,Mim MDCN CRNR,Retailer-Ex. HQ,MLVSKF
90000042327,Shohidul Pharmacy,Joy PHAR,Retailer-Ex. HQ,RAJSKF
90000042343,Jami Pharmacy,Helali PHAR,Retailer-Ex. HQ,BOGSKF
90000042083,Saba Medical Hall,Johadia MEDC,Retailer-Ex. HQ,GZPSKF
90000042100,Abir Pharmacy,Allahor Dan MED,Retailer-Ex. HQ,DNJSKF
90000042107,Rubi Medical Hall,Anawara MED,Retailer-Ex. HQ,TGLSKF
90000042135,Muskan Medicine Center,Maa Baba MDCN Shop,Retailer-Ex. HQ,BOGSKF
90000042138,Murad Medicine Corner,Hili PHAR,Retailer-Ex. HQ,TGLSKF
90000042196,Towhida Pharmacy,Uposhom PHAR,Retailer-Ex. HQ,DNJSKF
90000042206,Maa Pharmacy,Janota PHAR,Retailer-Ex. HQ,NAJSKF
90000042101,Sumon Medicine Corner,Al Macca PHAR,Retailer-Ex. HQ,RNGSKF
90000042180,Jononi Medical Hall,Maa Nirupoma PHAR,Retailer-Ex. HQ,GZPSKF
90000042219,S.B.H Pharmacy,Nirupama MED   2,Retailer-Ex. HQ,BOGSKF
90000042273,Sporsho Medical Hall,Satota PHAR,Retailer-Ex. HQ,RAJSKF
90000042293,Smiley Life Pharmacy,Moniruzzaman,Retailer-HQ,MOTSKF
90000042315,Dr Rehana Akter,Chowdhury PHAR,Retailer-Ex. HQ,COXSKF
90000042229,Arif Pharmacy,Talha PHAR,Doctor-Cum Chemist,FRDSKF
90000042239,Mim Medicine Corner,Komolika PHAR,Retailer-Ex. HQ,BOGSKF
90000042284,Naz Pharmacy,Janoni PHAR,Retailer-Ex. HQ,GZPSKF
90000042366,Muaz Pharmacy,Nisi PHAR,Retailer-Ex. HQ,DNJSKF
90000042388,Ranok & Ryen Pharmacy,Dharus Shifa Pvt HOSP,Retailer-Ex. HQ,RNGSKF
90000042390,Nasima Diagonistic & Consulatation Center,S K DRG House,Retailer-Ex. HQ,GZPSKF
90000042140,Jhorna Pharmacy,Raj PHAR,Retailer-Ex. HQ,DNJSKF
90000042160,Doctors Medical Hall,Maa PHAR,Retailer-Ex. HQ,MYMSKF
90000042174,Nusrat Pharmacy,Khan MEDI,Retailer-Ex. HQ,RNGSKF
90000042215,Saba Mebicine Corner,Mim PHAR,Retailer-Ex. HQ,SAVSKF
90000042235,Ma Baba Pharmacy,Saad PHAR,Retailer-Ex. HQ,RAJSKF
90000042241,Owshode Polly,Shiyum PHAR,Retailer-Ex. HQ,BSLSKF
90000042349,Hapsa Pharmacy,Al Amin PHAR,Retailer-Ex. HQ,DNJSKF
90000042351,Ripa Medical Hall,Elius MEDC,Retailer-Ex. HQ,VRBSKF
90000042369,Nagorik Pharmacy,Hasan MDCN CRNR,Retailer-Ex. HQ,DNJSKF
90000042095,Khadiza Medical Hall,Bhuiyan PHAR,Doctor-Cum Chemist,NOKSKF
90000042097,Shakil Pharma,Maa PHAR,Retailer-HQ,MIRSKF
90000042149,Mayer Dan Pharmacy,Rayan PHAR,Retailer-Ex. HQ,NAJSKF
90000042195,Shikder Medical Hall,Younus MDCN CRNR,Retailer-HQ,KSGSKF
90000042201,Shahid Pharma,Labib Pharmcy,Retailer-HQ,MHKSKF
90000042084,Nabila Pharmacy,Maulana MED,Retailer-Ex. HQ,VRBSKF
90000042094,Shahin Medical Store,Nur PHAR,Retailer-Ex. HQ,DNJSKF
90000042099,Al Raiyan Pharmacy,Sheikh PHAR,Retailer-HQ,CTNSKF
90000042125,Kawser Medical Hall,New Comillah PHAR,Retailer-Ex. HQ,HZJSKF
90000042255,Lata Medical Store,Sadekul PHAR,Retailer-Ex. HQ,DNJSKF
90000042276,Global Pharma,Mostofa PHAR,Doctor-Cum Chemist,KRNSKF
90000042292,Ma Pharmacy,Nafiza PHAR,Retailer-Ex. HQ,CTGSKF
90000042130,Jesmin Pharmacy,Porag MDCN CRNR,Retailer-Ex. HQ,DNJSKF
90000042141,Musnad Pharmacy,Janata PHAR,Retailer-Ex. HQ,DNJSKF
90000042170,Maliha Medicine House,Hazrat Shahjalal MED,Retailer-Ex. HQ,JESSKF
90000042177,Blue Print Pharmacy 02,Tofsir MED,Retailer-HQ,MHKSKF
90000042405,Orpa Pharmacy,Polly MDCN CRNR,Doctor-Cum Chemist,HZJSKF
90000042129,Setu Bondhon Pharmacy,Razzak PHAR,Retailer-Ex. HQ,DNJSKF
90000042279,Medicine Fair,Sayed Phamacy,Doctor-Cum Chemist,PBNSKF
90000042285,Mirza Medel Medicine Shop,Islam PHAR,Retailer-HQ,TGLSKF
90000042344,Shastho Seba Center,Khilalgonj PHAR,Retailer-Ex. HQ,DNJSKF
90000042387,Manna Medicin House,Orpa PHAR,Retailer-Ex. HQ,DNJSKF
90000042091,Mimi Pharmacy,Setu Bondhon PHAR,Retailer-Ex. HQ,DNJSKF
90000042103,Gohira Medicine Centre,Samir MED,Retailer-Ex. HQ,CTNSKF
90000042121,Unique Medical Hall,Shah MED CNTR,Retailer-HQ,MYMSKF
90000042137,Hazi D.M Pharmacy,Rasel PHAR,Retailer-Ex. HQ,JESSKF
90000042155,Rusia Pharmacy,Nabila PHAR,Retailer-Ex. HQ,SAVSKF
90000042212,Islam Pharma,Rukaia PHAR,Retailer-HQ,MIRSKF
90000042234,Janata Medical Hall 2,Modina MED,Retailer-Ex. HQ,PATSKF
90000042259,Nafiza Pharmacy,Raj PHAR,Retailer-Ex. HQ,HZJSKF
90000042265,Porag Medicine Corner,Fahim PHAR,Retailer-Ex. HQ,MLVSKF
90000042311,Janata Pharmacy,Lata MED STR,Doctor-Cum Chemist,MLVSKF
90000042113,Hazrat Shahjalal Medical Hall,Global PHAR,Retailer-Ex. HQ,MLVSKF
90000042115,Tofsir Medical Hall,Ma PHAR,Doctor-Cum Chemist,MLVSKF
90000042118,Polly Medicine Corner,Nabila PHAR,Retailer-Ex. HQ,RNGSKF
90000042132,Razzak Pharmacy,Shahin MED STR,Retailer-Ex. HQ,VRBSKF
90000042168,Sayed Phamacy,Al Raiyan PHAR,Retailer-Ex. HQ,FRDSKF
90000042200,M S Islam Pharmacy,Kawser MED,Retailer-Ex. HQ,DNJSKF
90000042227,Khilalgonj Pharmacy,Jesmin PHAR,Retailer-Ex. HQ,DNJSKF
90000042257,Hemlota Pharmacy,Musnad PHAR,Retailer-Ex. HQ,KHLSKF
90000042395,Apple Pharma,Maliha MDCN House,Retailer-HQ,MHKSKF
90000042088,Afif Pharma,Blue Print PHAR 02,Retailer-HQ,MHKSKF
90000042172,S A MEDICINE CORNER,S A MED,Retailer-Ex. HQ,RNGSKF
90000042310,Snigdha Pharmacy,Hasan PHAR,Retailer-Ex. HQ,BOGSKF
90000042345,New Master Pharmacy,BIAZID PHARMACY,Retailer-Ex. HQ,CTNSKF
90000042102,Delux Pharmacy,Hasina PHAR,Retailer-HQ,CTNSKF
90000042105,Nitol Pharmacy,Tahia PHAR,Retailer-Ex. HQ,TGLSKF
90000042124,Maa Pharmacy,Hasib PHAR,Retailer-Ex. HQ,DNJSKF
90000042126,Sumona Pharmacy,Bismillah MED STR,Retailer-Ex. HQ,DNJSKF
90000042166,Rehena Pharmacy,Simanto PHAR,Retailer-HQ,MIRSKF
90000042263,Master Pharmacy,Sadnan MED,Retailer-Ex. HQ,FRDSKF
90000042271,Maa Pharmacy 2,Ayesha PHAR,Retailer-Ex. HQ,RNGSKF
90000042294,Morium Medicine,Sabid PHAR,Retailer-Ex. HQ,CTGSKF
90000042334,Popular Medical Hall,Hawlader MED,Retailer-Ex. HQ,MYMSKF
90000042356,Life Line Pharmacy,Mukherjee PHAR,Retailer-Ex. HQ,DNJSKF
90000042359,New Modina Pharmacy,Hazi PHAR,Retailer-Ex. HQ,DNJSKF
90000042402,Bismillah  Drug House,Saad MEDC,Retailer-Ex. HQ,BSLSKF
90000042112,Khan Pharmacy,Himu PHAR,Retailer-Ex. HQ,MLVSKF
90000042134,Fuad Medical Hall,Puza PHAR,Retailer-Ex. HQ,TGLSKF
90000042148,Ashraf Pharmacy,Bushra MDCN & SURG,Retailer-Ex. HQ,NAJSKF
90000042217,Lillah Medical Store,S L Trading & PHAR,Retailer-Ex. HQ,BOGSKF
90000042307,S A Medical Hall,Chokkhu Chikitsha Kendra,Retailer-Ex. HQ,COXSKF
90000042361,M S Hasan Pharmacy,Zakir PHAR,Retailer-Ex. HQ,JESSKF
90000042363,BIAZID PHARMACY,Toki Amin PHAR,Retailer-Ex. HQ,RNGSKF
90000042383,Hasina Pharmacy,Saha MDCN STR,Retailer-HQ,RNGSKF
90000042389,Tahia Pharmacy,Miskat AUSHD,Retailer-Ex. HQ,RNGSKF
90000042085,Hasib Pharmacy,Golam Rabbi PHAR,Retailer-Ex. HQ,GZPSKF
90000042109,Bismillah Medical Store,Masud & Brothers PHAR,Wholesaler-Ex. HQ,DNJSKF
90000042188,Simanto Pharma,R K I MED,Retailer-HQ,BSLSKF
90000042256,Sadnan Medical Hall,Shilpi MED,Retailer-Ex. HQ,NOKSKF
90000042288,Ayesha Pharmacy,Milon PHAR,Retailer-Ex. HQ,CTGSKF
90000042300,Sabid Pharmacy,Receptor PHAR,Retailer-Ex. HQ,RAJSKF
90000042304,Hawlader Medical Hall,Shisir Aroggo Vobon,Retailer-Ex. HQ,PATSKF
90000042332,Mukherjee Pharmacy,Lota MED,Retailer-Ex. HQ,RAJSKF
90000042352,Hazi Pharmacy,Sharaban MDCN CNTR,Retailer-Ex. HQ,DNJSKF
90000042355,Saad Medico,Azharul MED,Retailer-Ex. HQ,COXSKF
90000042396,Himu Pharmacy,Forid MED,Retailer-Ex. HQ,GZPSKF
90000042398,Puza Pharmacy,Alif MDCN CRNR,Retailer-Ex. HQ,JESSKF
90000042301,Nur Pharmacy,Harun MED,Retailer-Ex. HQ,PATSKF
90000042319,Sheikh Pharmacy,Turjo MED STR,Retailer-Ex. HQ,FRDSKF
90000042086,New Comillah Pharmacy,Sakina MED,Retailer-Ex. HQ,GZPSKF
90000042173,Sadekul Pharmacy,Maa Baba PHAR,Retailer-Ex. HQ,RNGSKF
90000042242,Mostofa Pharmacy,Siraj MED STR,Retailer-Ex. HQ,NAJSKF
90000042253,Rabeya Pharmacy,Miazi MED,Retailer-Ex. HQ,HZJSKF
90000042305,G & M Pharmacy,Habib MED,Retailer-Ex. HQ,SYLSKF
90000042325,Polly Medicine Centre,Fabeha MED,Retailer-Ex. HQ,RAJSKF
90000042096,Shohel Medical Hall,MDCN Fair,Retailer-Ex. HQ,VRBSKF
90000042151,Bismillah Medical Hall,Mirza Medel MDCN Shop,Retailer-Ex. HQ,NAJSKF
90000042162,Amina Pharmacy,Shastho Seba CNTR,Retailer-Ex. HQ,PBNSKF
90000042214,Ayesha Pharmacy 2,Manna MDCN House,Retailer-HQ,MIRSKF
90000042233,Bismillah Medical Hall,Mimi PHAR,Retailer-HQ,SAVSKF
90000042237,Mohidul Pharmacy,Gohira MDCN Centre,Retailer-HQ,SAVSKF
90000042313,Lota Medical Hall,Unique MED,Retailer-Ex. HQ,KHLSKF
90000042353,Sharaban Medicine Center,Hazi D.M PHAR,Retailer-Ex. HQ,VRBSKF
90000042136,Azharul Medical Hall,Rusia PHAR,Retailer-Ex. HQ,TGLSKF
90000042184,Forid Medical Hall,Islam PHAR,Retailer-Ex. HQ,TGLSKF
90000042364,Jonosheba Pharmacy,Janata MED   2,Retailer-Ex. HQ,DNJSKF
90000042392,Haque Pharmacy,Nasif Nuha PHAR,Doctor-Cum Chemist,NOKSKF
90000042401,Maa Medical Hall,Three Brothers PHAR,Retailer-Ex. HQ,SYLSKF
90000042157,Nazat Medical Hall,Raton PHAR,Retailer-Ex. HQ,PATSKF
90000042218,Gita Plus Pharmacy,Shohidul PHAR,Retailer-Ex. HQ,BOGSKF
90000042249,Maa Moni Medical Hall,Jami PHAR,Retailer-Ex. HQ,HZJSKF
90000042251,Hili Pharmacy,Saba MED,Retailer-Ex. HQ,DNJSKF
90000042283,Uposhom Pharmacy,Abir PHAR,Retailer-Ex. HQ,GZPSKF
90000042295,Janota Pharmacy,Rubi MED,Retailer-Ex. HQ,VRBSKF
90000042309,Al Macca Pharmacy,Muskan MDCN CNTR,Retailer-Ex. HQ,COXSKF
90000042318,Maa Nirupoma Pharmacy,Murad MDCN CRNR,Retailer-Ex. HQ,KHLSKF
90000042377,Nirupama Medical Hall 2,Towhida PHAR,Doctor-Cum Chemist,PBNSKF
90000042244,Satota Pharmacy,Maa PHAR,Retailer-Ex. HQ,JESSKF
90000042254,Alif Medicin Corner,Hemlota PHAR,Retailer-Ex. HQ,DNJSKF
90000042267,Harun Medical Hall,Apple PHAR,Retailer-Ex. HQ,GZPSKF
90000042386,Turjo Medical Store,Afif PHAR,Retailer-Ex. HQ,DNJSKF
90000042393,Sakina Medical Hall,S A MDCN CORNER,Doctor-Cum Chemist,NOKSKF
90000042104,Maa Baba Pharmacy,Master PHAR,Retailer-HQ,DNJSKF
90000042117,Siraj Medical Store,Maa PHAR 2,Retailer-Ex. HQ,DNJSKF
90000042127,Miazi Medical  hall,Morium MDCN,Retailer-Ex. HQ,HZJSKF
90000042161,Habib Medical Hall,Popular MED,Retailer-Ex. HQ,MYMSKF
90000042220,Fabeha Medical Hall,Life Line PHAR,Retailer-Ex. HQ,PATSKF
90000042269,Toma Medicine Corner,New Modina PHAR,Retailer-Ex. HQ,MLVSKF
90000042341,An fal Pharmacy,Bismillah  DRG House,Retailer-Ex. HQ,DNJSKF
90000042360,LITON PHARMACY,Khan PHAR,Retailer-Ex. HQ,RNGSKF
90000042368,Raha Pharmacy,Fuad MED,Retailer-Ex. HQ,DNJSKF
90000042090,Quality Pharmacy,Ashraf PHAR,Retailer-Ex. HQ,VRBSKF
90000042098,Health Care Hospital,Lillah MED STR,Retailer-Ex. HQ,PBNSKF
90000042224,Master Pharmacy,Jamuna PHAR,Retailer-Ex. HQ,DNJSKF
90000042246,Bhuya pharmacy,Sha Amanat PHAR,Retailer-Ex. HQ,HZJSKF
90000042298,Bushra Medicine & Surgical,Med Care PHAR,Retailer-Ex. HQ,RNGSKF
90000042302,S L Trading & Pharma,Seba PHAR,Retailer-HQ,MIRSKF
90000042316,Chokkhu Chikitsha Kendra,Nazifa MDCN CRNR,Institution,COXSKF
90000042328,Zakir Pharmacy,Sufia PHAR,Retailer-Ex. HQ,BOGSKF
90000042365,Toki Amin Pharmacy,Mizan PHAR,Retailer-Ex. HQ,FRDSKF
90000042375,Saha Medicine Store,Toma MDCN CRNR,Doctor-Cum Chemist,KRNSKF
90000042376,Miskat Oushadhaloy,An fal PHAR,Retailer-Ex. HQ,MLVSKF
90000042380,Golam Rabbi Pharmacy,LITON PHARMACY,Retailer-Ex. HQ,DNJSKF
90000042397,Masud & Brothers Pharmacy,Raha PHAR,Retailer-Ex. HQ,JESSKF
90000042122,R K I Medical Hall,Quality PHAR,Retailer-Ex. HQ,MYMSKF
90000042185,Shilpi Medical Hall,Health Care HOSP,Retailer-Ex. HQ,TGLSKF
90000042190,Milon Pharmacy,Master PHAR,Retailer-Ex. HQ,DNJSKF
90000042199,Receptor Pharmacy,Bhuya PHAR,Retailer-HQ,MHKSKF
90000042204,Shisir Aroggo Vobon,Al Amin MDCN Shop,Doctor-Cum Chemist,PBNSKF
90000042270,Maa Pharmacy 1,Khaja MED,Retailer-Ex. HQ,RNGSKF
90000042159,Hasib Medical Hall,Bhai Bhai PHAR,Retailer-Ex. HQ,PATSKF
90000042198,Bismillah Pharmacy,Sahan PHAR,Retailer-Ex. HQ,FENSKF
90000042114,Rasel Pharmacy,Touching Souls INTL PCC,Retailer-Ex. HQ,DNJSKF
90000042252,Samir Medical Hall,Maa PHAR,Retailer-Ex. HQ,HZJSKF
90000042357,Shah Medical Center,Bismillah MED,Retailer-Ex. HQ,GZPSKF
90000042123,Nabila Pharmacy,Maa PHAR 1,Retailer-Ex. HQ,SAVSKF
90000042156,Rukaia Pharmacy,Hasib MED,Retailer-Ex. HQ,SAVSKF
90000042175,Modina Medical Hall,Bismillah PHAR,Retailer-Ex. HQ,KRNSKF
90000042189,Raj Pharmacy,Oishie Athai MED CNTR,Wholesaler-Ex. HQ,KUSSKF
90000042208,Fahim Pharmacy,Mizan MDCN CRNR,Retailer-HQ,NAJSKF
90000042092,Islamia Medical Hall,Onay PHAR,Doctor-Cum Chemist,NOKSKF
90000042110,New Medicine Corner,Fuat MED STR,Retailer-Ex. HQ,HZJSKF
90000042145,Goutom Medical Hall,A K Sagor PHAR,Doctor-Cum Chemist,FRDSKF
90000042150,Medicine Point,Nasima DRG House,Retailer-Ex. HQ,FRDSKF
90000042286,Bhai Bhai Medical HAll,Akhtara MDCN CRNR,Retailer-HQ,TGLSKF
90000042329,Zakia Medical Hall,Fatema PHAR,Retailer-Ex. HQ,MYMSKF
90000042330,Al Ehsan Medical Hall,Mahir Pharmicy,Retailer-Ex. HQ,KRNSKF
90000042350,Tamanna Pharmacy,Biswas  PHAR,Retailer-Ex. HQ,NAJSKF
90000042272,Oishie Athai Medical Center,Nasim MED,Retailer-Ex. HQ,JESSKF
90000042372,Mizan Medicine Corner,Bondhu PHAR,Retailer-HQ,MHKSKF
90000042399,Onay Pharmacy,J.M PHAR,Retailer-Ex. HQ,JESSKF
90000042197,Fuat Madical Store,New Life PHAR,Retailer-Ex. HQ,DNJSKF
90000042202,A K Sagor Pharmacy,Amin MED,Retailer-Ex. HQ,DNJSKF
90000042228,Nasima Drug House,Farida MED,Retailer-Ex. HQ,RNGSKF
90000042128,Maa Pharmacy,Maa PHAR,Doctor-Cum Chemist,NOKSKF
90000042142,Suzon Pharmacy,Suzon PHAR,Retailer-Ex. HQ,DNJSKF
90000042181,S R Pharmacy,S R PHAR,Retailer-Ex. HQ,GZPSKF
90000042182,R S Pharmacy,R S PHAR,Retailer-HQ,GZPSKF
90000042382,Kamal Medical Hall,A D MED,Retailer-Ex. HQ,MYMSKF
90000042192,All Square Pharmacy,Yusuf PHAR,Retailer-Ex. HQ,DNJSKF
90000042207,Health Corner Pharmacy,Zinat Zihad PHAR,Retailer-Ex. HQ,NAJSKF
90000042248,Janosheba Pharmacy,Swapon MED STR,Retailer-Ex. HQ,HZJSKF
90000042274,Al Amin Medicine Shop,Ratan MED,Retailer-Ex. HQ,JESSKF
90000042290,Khaja Medical Hall,Kamal MED,Retailer-Ex. HQ,GZPSKF
90000042324,Bhai Bhai Pharmacy,All Square PHAR,Retailer-Ex. HQ,BOGSKF
90000042326,Sahan Pharmacy,Health CRNR PHAR,Retailer-Ex. HQ,RAJSKF
90000042403,Touching Souls International PCC,Janosheba PHAR,Retailer-Ex. HQ,KRNSKF
90000042139,Maa Pharmacy,Mizan MED,Retailer-Ex. HQ,BOGSKF
90000042209,Bismillah Medical Hall,Ma MED,Retailer-HQ,KSGSKF
90000042264,A D Medical Hall,Arafa MEDC,Doctor-Cum Chemist,MLVSKF
90000042336,Yusuf Pharmacy,Fatema PHAR,Retailer-Ex. HQ,KRNSKF
90000042338,Zinat Zihad Pharmacy,Matri DAG CNTR,Retailer-Ex. HQ,BOGSKF
90000042381,Swapon Medical Store,Raju MED,Retailer-Ex. HQ,DNJSKF
90000042216,Ratan Medical Hall,Masum MED,Retailer-Ex. HQ,NOKSKF
90000042093,Masum Medical Hall,AL Amin   MDCN Shop,Retailer-Ex. HQ,VRBSKF
90000042106,AL Amin Model Medicine Shop,Orpita PHAR,Retailer-Ex. HQ,TGLSKF
90000042223,Orpita Pharmacy,swapan MED,Retailer-Ex. HQ,DNJSKF
90000042243,swapan Medical Hall,Bhai Bhai MED HAll,Retailer-Ex. HQ,VRBSKF
90000042287,Mizan Medical Hall,Zakia MED,Retailer-Ex. HQ,TGLSKF
90000042291,Ma Medical Hall,Al Ehsan MED,Retailer-Ex. HQ,CTGSKF
90000042340,Arafa Medico,Tamanna PHAR,Retailer-Ex. HQ,COXSKF
90000042373,Fatema Pharmacy,Islamia MED,Retailer-HQ,MHKSKF
90000042378,Matri Diagonostic Center,New MDCN CRNR,Retailer-Ex. HQ,SAVSKF
90000042400,Raju Medical Hall,Goutom MED,Retailer-Ex. HQ,JESSKF
90000042317,Akhtara Medicine Corner,MDCN Point,Retailer-Ex. HQ,RNGSKF
90000042323,Fatema Pharmacy,Rabeya PHAR,Retailer-Ex. HQ,FRDSKF
90000042367,Mahir Pharmicy,G & M PHAR,Retailer-Ex. HQ,DNJSKF
90000042394,Biswas  Pharmacy,Polly MDCN Centre,Retailer-Ex. HQ,JESSKF
90000042404,Nasim Medical Hall,Shohel MED,Retailer-Ex. HQ,MLVSKF
90000042119,Bondhu Pharmacy,Bismillah MED,Retailer-Ex. HQ,RAJSKF
90000042163,J.M Pharma,Amina PHAR,Retailer-HQ,BSLSKF
90000042205,New Life Pharmacy,Ayesha PHAR 2,Retailer-Ex. HQ,DNJSKF
90000042211,Amin Medical Hall,Bismillah MED,Retailer-Ex. HQ,BSLSKF
90000042222,Farida Medical Hall,Mohidul PHAR,Retailer-Ex. HQ,KHLSKF
